{
	"REPETH": {
		"p0": 0,
		"p1": 0,
		"mid": 3,
		"pid": 13,
		"priceA": 6,
		"min": 0.002,
		"id": 13,
		"minA": "0.001",
		"s0": "REP",
		"s1": "ETH",
		"c": 0.0718490000,
		"max": 10000000,
		"h": 0.0718490000,
		"i": -1,
		"sort": 3,
		"l": 0.0718490000,
		"cp": {
			"c0": 0.0718490000,
			"c1": 0.0718490000
		},
		"o": 0.0718490000,
		"q": 0,
		"pa": 6,
		"s": {
			"s0": "REP",
			"s1": "ETH"
		},
		"na": 4,
		"v": 0,
		"depthA": 6,
		"aid": 2,
		"status": 0
	},
	"CANETH": {
		"p0": 0.000005,
		"p1": 2.10,
		"mid": 3,
		"pid": 23,
		"priceA": 6,
		"min": 0.002,
		"id": 21,
		"minA": "0.001",
		"s0": "CAN",
		"s1": "ETH",
		"c": 0.000244,
		"max": 100000,
		"h": 0.000244,
		"i": -1,
		"sort": 3,
		"l": 0.000239,
		"cp": {
			"c0": 0.000244,
			"c1": 0.050020
		},
		"o": 0.000239,
		"q": 0.83,
		"pa": 6,
		"s": {
			"s0": "CAN",
			"s1": "ETH"
		},
		"na": 4,
		"v": 3363.0000,
		"depthA": 6,
		"aid": 2,
		"status": 0
	},
	"XRPBTC": {
		"p0": 0,
		"p1": 0,
		"mid": 13,
		"pid": 35,
		"priceA": 6,
		"min": 10,
		"id": 31,
		"minA": "0.001",
		"s0": "XRP",
		"s1": "BTC",
		"c": 0E-10,
		"max": 100000,
		"h": 0E-10,
		"i": -1,
		"sort": 4,
		"l": 0E-10,
		"cp": {
			"c0": 0E-10,
			"c1": 0E-10
		},
		"o": 0E-10,
		"q": 0,
		"pa": 6,
		"s": {
			"s0": "XRP",
			"s1": "BTC"
		},
		"na": 0,
		"v": 0,
		"depthA": 6,
		"aid": 1,
		"status": 1
	},
	"SEERETH": {
		"p0": -0.000002,
		"p1": -25.00,
		"mid": 3,
		"pid": 29,
		"priceA": 6,
		"min": 1,
		"id": 29,
		"minA": "0.0001",
		"s0": "SEER",
		"s1": "ETH",
		"c": 0.000006,
		"max": 100000,
		"h": 0.000008,
		"i": -1,
		"sort": 8,
		"l": 0.000006,
		"cp": {
			"c0": 0.000006,
			"c1": 0.001230
		},
		"o": 0.000008,
		"q": 0.02,
		"pa": 6,
		"s": {
			"s0": "SEER",
			"s1": "ETH"
		},
		"na": 4,
		"v": 2252.0000,
		"depthA": 6,
		"aid": 2,
		"status": 0
	},
	"EOSETH": {
		"p0": -1.974650,
		"p1": -98.74,
		"mid": 3,
		"pid": 17,
		"priceA": 6,
		"min": 0.0001,
		"id": 7,
		"minA": "0.1",
		"s0": "EOS",
		"s1": "ETH",
		"c": 0.025350,
		"max": 100000,
		"h": 2.000000,
		"i": -1,
		"sort": 0,
		"l": 0.000100,
		"cp": {
			"c0": 0.025350,
			"c1": 5.196750
		},
		"o": 2.000000,
		"q": 6.50,
		"pa": 6,
		"s": {
			"s0": "EOS",
			"s1": "ETH"
		},
		"na": 8,
		"v": 5709.55700000,
		"depthA": 8,
		"aid": 2,
		"status": 0
	},
	"LRCETH": {
		"p0": -0.000332,
		"p1": -76.86,
		"mid": 3,
		"pid": 11,
		"priceA": 6,
		"min": 0.002,
		"id": 11,
		"minA": "0.001",
		"s0": "LRC",
		"s1": "ETH",
		"c": 0.000100,
		"max": 100000,
		"h": 0.000432,
		"i": -1,
		"sort": 7,
		"l": 0.000100,
		"cp": {
			"c0": 0.000100,
			"c1": 0.020540
		},
		"o": 0.000432,
		"q": 0.86,
		"pa": 6,
		"s": {
			"s0": "LRC",
			"s1": "ETH"
		},
		"na": 4,
		"v": 8530.8894,
		"depthA": 6,
		"aid": 2,
		"status": 0
	},
	"ELFETH": {
		"p0": 0,
		"p1": 0,
		"mid": 3,
		"pid": 10,
		"priceA": 6,
		"min": 0.002,
		"id": 10,
		"minA": "0.1",
		"s0": "ELF",
		"s1": "ETH",
		"c": 0.0015780000,
		"max": 100000,
		"h": 0.0015780000,
		"i": -1,
		"sort": 0,
		"l": 0.0015780000,
		"cp": {
			"c0": 0.0015780000,
			"c1": 0.0015780000
		},
		"o": 0.0015780000,
		"q": 0,
		"pa": 6,
		"s": {
			"s0": "ELF",
			"s1": "ETH"
		},
		"na": 4,
		"v": 0,
		"depthA": 6,
		"aid": 2,
		"status": 0
	},
	"BTCUSDT": {
		"p0": 1.00000000,
		"p1": 0,
		"mid": 12,
		"pid": 33,
		"priceA": 8,
		"min": 1E-10,
		"id": 1,
		"minA": "0.0000001",
		"s0": "BTC",
		"s1": "USDT",
		"c": 1.00000000,
		"max": 100,
		"h": 1.00000000,
		"i": -1,
		"sort": 1,
		"l": 0E-8,
		"cp": {
			"c0": 1.00000000,
			"c1": 1.00000000
		},
		"o": 0E-8,
		"q": 0.33,
		"pa": 8,
		"s": {
			"s0": "BTC",
			"s1": "USDT"
		},
		"na": 8,
		"v": 0.32154363,
		"depthA": 2,
		"aid": 17,
		"status": 0
	},
	"AIONETH": {
		"p0": 0,
		"p1": 0,
		"mid": 3,
		"pid": 8,
		"priceA": 6,
		"min": 10,
		"id": 8,
		"minA": "0.1",
		"s0": "AION",
		"s1": "ETH",
		"c": 0.00189000,
		"max": 100000,
		"h": 0.00189000,
		"i": -1,
		"sort": 0,
		"l": 0.00189000,
		"cp": {
			"c0": 0.00189000,
			"c1": 0.00189000
		},
		"o": 0.00189000,
		"q": 0,
		"pa": 6,
		"s": {
			"s0": "AION",
			"s1": "ETH"
		},
		"na": 8,
		"v": 0,
		"depthA": 8,
		"aid": 2,
		"status": 0
	},
	"FLCUSDT": {
		"p0": 0,
		"p1": 0,
		"mid": 12,
		"pid": 36,
		"priceA": 10,
		"min": 1,
		"id": 46,
		"minA": "0.000001",
		"s0": "FLC",
		"s1": "USDT",
		"c": 0E-10,
		"max": 100000000,
		"h": 0E-10,
		"i": -1,
		"sort": 0,
		"l": 0E-10,
		"cp": {
			"c0": 0E-10,
			"c1": 0E-10
		},
		"o": 0E-10,
		"q": 0,
		"pa": 10,
		"s": {
			"s0": "FLC",
			"s1": "USDT"
		},
		"na": 0,
		"v": 0,
		"depthA": 10,
		"aid": 17,
		"status": 0
	},
	"ZRXETH": {
		"p0": 0,
		"p1": 0,
		"mid": 3,
		"pid": 16,
		"priceA": 8,
		"min": 0.002,
		"id": 16,
		"minA": "0.001",
		"s0": "ZRX",
		"s1": "ETH",
		"c": 0.0100000000,
		"max": 10000000,
		"h": 0.0100000000,
		"i": -1,
		"sort": 0,
		"l": 0.0100000000,
		"cp": {
			"c0": 0.0100000000,
			"c1": 0.0100000000
		},
		"o": 0.0100000000,
		"q": 0,
		"pa": 8,
		"s": {
			"s0": "ZRX",
			"s1": "ETH"
		},
		"na": 4,
		"v": 0,
		"depthA": 6,
		"aid": 2,
		"status": 0
	},
	"WANETH": {
		"p0": 0,
		"p1": 0,
		"mid": 3,
		"pid": 14,
		"priceA": 6,
		"min": 100,
		"id": 14,
		"minA": "0.1",
		"s0": "WAN",
		"s1": "ETH",
		"c": 0.00478400,
		"max": 100000,
		"h": 0.00478400,
		"i": -1,
		"sort": 0,
		"l": 0.00478400,
		"cp": {
			"c0": 0.00478400,
			"c1": 0.00478400
		},
		"o": 0.00478400,
		"q": 0,
		"pa": 6,
		"s": {
			"s0": "WAN",
			"s1": "ETH"
		},
		"na": 8,
		"v": 0,
		"depthA": 8,
		"aid": 2,
		"status": 0
	},
	"FLCETH": {
		"p0": -5E-10,
		"p1": -0.77,
		"mid": 3,
		"pid": 37,
		"priceA": 10,
		"min": 1,
		"id": 46,
		"minA": "0.00001",
		"s0": "FLC",
		"s1": "ETH",
		"c": 6.45E-8,
		"max": 100000000,
		"h": 6.54E-8,
		"i": -1,
		"sort": 0,
		"l": 6.36E-8,
		"cp": {
			"c0": 6.45E-8,
			"c1": 0.0000132225
		},
		"o": 6.50E-8,
		"q": 0.37,
		"pa": 10,
		"s": {
			"s0": "FLC",
			"s1": "ETH"
		},
		"na": 0,
		"v": 5641818,
		"depthA": 10,
		"aid": 2,
		"status": 0
	},
	"QTUMETH": {
		"p0": 0,
		"p1": 0,
		"mid": 3,
		"pid": 28,
		"priceA": 6,
		"min": 1,
		"id": 4,
		"minA": "0.0001",
		"s0": "QTUM",
		"s1": "ETH",
		"c": 0.0100000000,
		"max": 10000,
		"h": 0.0100000000,
		"i": -1,
		"sort": 4,
		"l": 0.0100000000,
		"cp": {
			"c0": 0.0100000000,
			"c1": 0.0100000000
		},
		"o": 0.0100000000,
		"q": 0,
		"pa": 6,
		"s": {
			"s0": "QTUM",
			"s1": "ETH"
		},
		"na": 4,
		"v": 0,
		"depthA": 6,
		"aid": 2,
		"status": 0
	},
	"ZILETH": {
		"p0": 0,
		"p1": 0,
		"mid": 3,
		"pid": 15,
		"priceA": 8,
		"min": 0.002,
		"id": 15,
		"minA": "0.001",
		"s0": "ZIL",
		"s1": "ETH",
		"c": 0.0001537900,
		"max": 1000000,
		"h": 0.0001537900,
		"i": -1,
		"sort": 0,
		"l": 0.0001537900,
		"cp": {
			"c0": 0.0001537900,
			"c1": 0.0001537900
		},
		"o": 0.0001537900,
		"q": 0,
		"pa": 8,
		"s": {
			"s0": "ZIL",
			"s1": "ETH"
		},
		"na": 4,
		"v": 0,
		"depthA": 6,
		"aid": 2,
		"status": 0
	},
	"SMTHETH": {
		"p0": -0.00199010,
		"p1": -22.14,
		"mid": 3,
		"pid": 30,
		"priceA": 8,
		"min": 1,
		"id": 6,
		"minA": "0.00001",
		"s0": "SMTH",
		"s1": "ETH",
		"c": 0.00699990,
		"max": 10000,
		"h": 0.00899000,
		"i": -1,
		"sort": 8,
		"l": 0.00009000,
		"cp": {
			"c0": 0.00699990,
			"c1": 1.43777946
		},
		"o": 0.00899000,
		"q": 0.32,
		"pa": 8,
		"s": {
			"s0": "SMTH",
			"s1": "ETH"
		},
		"na": 4,
		"v": 46.1434,
		"depthA": 6,
		"aid": 2,
		"status": 0
	},
	"AEETH": {
		"p0": -0.000095,
		"p1": -1.75,
		"mid": 3,
		"pid": 20,
		"priceA": 6,
		"min": 0.002,
		"id": 18,
		"minA": "0.001",
		"s0": "AE",
		"s1": "ETH",
		"c": 0.005353,
		"max": 1000000,
		"h": 0.005448,
		"i": -1,
		"sort": 3,
		"l": 0.000001,
		"cp": {
			"c0": 0.005353,
			"c1": 1.097365
		},
		"o": 0.005448,
		"q": 0.67,
		"pa": 6,
		"s": {
			"s0": "AE",
			"s1": "ETH"
		},
		"na": 4,
		"v": 6425.0707,
		"depthA": 6,
		"aid": 2,
		"status": 0
	},
	"XRPUSDT": {
		"p0": -0.536220,
		"p1": -99.99,
		"mid": 12,
		"pid": 19,
		"priceA": 6,
		"min": 0.002,
		"id": 31,